     ,0-100,101-201,202-302,303-403,404-504,505-605,606-706,707-807,808-908,909-1000,
0-10000,Page1.csv,Page1.csv-Page2.csv,Page2.csv,null,null,null,null,null,null,null,
10001-20001,null,null,null,null,null,null,null,null,null,null,
20002-30002,null,null,null,null,null,null,null,null,null,null,
30003-40003,null,null,null,null,null,null,null,null,null,null,
40004-50004,null,null,null,null,null,null,null,Page2.csv,null,null,
50005-60005,null,null,null,null,null,null,null,Page2.csv,null,null,
60006-70006,null,null,null,null,null,null,null,null,null,null,
70007-80007,null,null,null,null,null,null,null,null,null,null,
80008-90008,null,null,null,null,null,null,null,null,null,null,
90009-100000,null,null,null,null,null,null,null,null,null,null,
